customer,description,invoice_num,po_so,account,product,amount,quantity,invoice_date,currency,due_date,taxes
The Home Depot Canada,,1,,Sales,Career Fair Standard Package,800.00000,1.00000,2013-08-14,CAD,2013-08-14,
Xtreme Labs,,2,,Sales,Career Fair Standard Package,800.00000,1.00000,2013-08-28,CAD,2013-09-27,
Xtreme Labs,,2,,Sales,Career Fair Networking Session,250.00000,1.00000,2013-08-28,CAD,2013-09-27,
Canadian Security Intelligence Service,,3,,Sales,Career Fair Standard Package,800.00000,1.00000,2013-09-24,CAD,2013-10-24,
Canadian Security Intelligence Service,,3,,Sales,Career Fair Guidebook Full-Page,100.00000,1.00000,2013-09-24,CAD,2013-10-24,
Kijiji Canada,,4,,Sales,You're Next Career Network @ Kijiji Event,500.00000,1.00000,2013-10-25,CAD,2013-11-24,
Rocscience Inc.,,5,,Sales,Career Fair Standard Package,800.00000,1.00000,2013-09-24,CAD,2013-10-24,
Google,"$1000 - Room bookings, marketing, planning and logistics $420 - Pizza costs during Lighting Talks $450 - Shawarma during Interview Prep",6,,Services,Launchpad and Google - Events and Catering,1870.00000,1.00000,2013-09-25,CAD,2013-10-25,
Intel,,7,,Sales,Career Fair Premium Package,1000.00000,1.00000,2013-09-25,CAD,2013-11-24,
Intel,,7,,Sales,Intel x LP,800.00000,1.00000,2013-09-25,CAD,2013-11-24,
Professional Engineers Ontario,,8,,Sales,Career Fair Non-profit Package,450.00000,1.00000,2013-09-25,CAD,2013-10-25,
Altera Toronto Technology Center,,9,,Sales,Career Fair Premium Package,1000.00000,1.00000,2013-09-30,CAD,2013-10-30,
Ontario Power Authority,,11,,Sales,Career Fair Non-profit Package,450.00000,1.00000,2013-10-08,CAD,2013-11-07,
Newton North America,,12,,Sales,You're Next Marketing - Newton Info Session,300.00000,1.00000,2013-10-15,CAD,2013-11-14,
Tesla Motors,,13,,Sales,Tesla x Launchpad Event,175.00000,1.00000,2013-10-15,CAD,2013-11-14,
Tesla Motors,,13,,Sales,Tesla event food and drinks (pizza and juice),300.00000,1.00000,2013-10-15,CAD,2013-11-14,
Dragados Canada,,14,,Sales,Career Fair Standard Package,800.00000,1.00000,2013-10-17,CAD,2013-11-16,
Altera Toronto Technology Center,Marketing through all of YNCN's channels:  - Email (3000+ students)  - Newsletter (1000+ students)  - Posters  - Facebook posts  - and more!,15,,Services,You're Next Marketing & Promotions,400.00000,1.00000,2013-10-23,CAD,2013-11-22,
Ceridian HCM,,16,,Sales,Career Fair Premium Package,1000.00000,1.00000,2013-10-30,CAD,2013-11-29,
CGI ISMS Inc.,,17,,Sales,Career Fair Standard Package,800.00000,1.00000,2013-10-31,CAD,2013-11-30,
Facebook,Food,18,,Sales,Facebook x Launchpad Event,600.00000,1.00000,2013-11-18,CAD,2013-12-18,
Altera Toronto Technology Center,Food for Altera,19,,Services,You're Next Marketing & Promotions,496.30000,1.00000,2013-11-01,CAD,2013-12-01,
NVIDIA,,20,,Sales,Career Fair Premium Package,1000.00000,1.00000,2013-11-04,USD,2013-12-04,
"Department of Mechanical and Industrial Engineering, University of Toronto",,21,,Sales,MIE sponsorship support 2013/2014,500.00000,1.00000,2013-11-11,CAD,2013-12-11,
Procter & Gamble,P&G Expo on Nov. 1st 2013. ,22,,Sales,P&G x YouX,1500.00000,1.00000,2013-11-11,CAD,2013-12-01,
NexJ Systems,,23,,Sales,Career Fair Standard Package,800.00000,1.00000,2013-11-14,CAD,2013-12-14,
Peel Plastic Products Ltd,,24,,Sales,Career Fair Standard Package,800.00000,1.00000,2013-11-14,CAD,2013-12-14,
Facebook,"Room booking, A/V rental, care-taking",18,,Sales,Facebook x Launchpad Event,200.00000,1.00000,2013-11-18,CAD,2013-12-18,
Kiewit,,25,,Sales,Career Fair Standard Package,800.00000,1.00000,2013-11-21,CAD,2013-12-21,
Applanix,,26,,Sales,Career Fair Standard Package,800.00000,1.00000,2013-11-26,CAD,2013-12-26,
Applanix,,26,,Sales,Career Fair Guidebook Full-Page,100.00000,1.00000,2013-11-26,CAD,2013-12-26,
Independent Electricity System Operator,,28,,Sales,Career Fair Standard Package,800.00000,1.00000,2013-12-01,CAD,2013-12-31,
Bell Canada,,29,,Sales,Career Fair Standard Package,800.00000,1.00000,2013-12-10,CAD,2014-01-09,
Bionym,,30,,Sales,Career Fair Startup Package,450.00000,1.00000,2013-12-13,CAD,2014-01-12,
Echologics,,31,,Sales,Career Fair Standard Package,800.00000,1.00000,2013-11-04,CAD,2013-12-04,
OpenCare,,32,,Sales,Career Fair Startup Package,450.00000,1.00000,2013-12-18,CAD,2014-01-02,
Makeplain Corporation,,33,,Sales,Career Fair Premium Package,1000.00000,1.00000,2013-12-23,CAD,2014-01-22,
National Bank of Canada,,34,,Sales,Career Fair Standard Package,800.00000,1.00000,2013-12-24,CAD,2014-01-23,
National Bank of Canada,,34,,Sales,Career Fair Standard Package,800.00000,1.00000,2013-12-24,CAD,2014-01-23,
Emerson Process Management,,35,,Sales,Career Fair Standard Package,800.00000,1.00000,2014-01-02,CAD,2014-02-01,
RateHub.ca,,36,,Sales,Startup Career Expo Bronze Package,150.00000,1.00000,2014-01-03,CAD,2014-02-02,
"Uken Studios, Inc.",,37,,Sales,Startup Career Expo Gold Package (50% off),1500.00000,1.00000,2014-01-05,CAD,2014-02-04,
"PaperG, Inc.",,38,,Sales,Startup Career Expo Bronze Package,150.00000,1.00000,2014-01-06,CAD,2014-02-05,
University of Toronto Institute for Multidisciplinary Design and Innovation,,39,,Sales,Career Fair Non-profit Package,450.00000,1.00000,2014-01-17,CAD,2014-02-16,
Air Canada,,40,,Sales,Career Fair Standard Package,800.00000,1.00000,2014-01-07,CAD,2014-02-06,
CIBC,,41,,Sales,Career Fair Standard Package,800.00000,1.00000,2014-01-10,CAD,2014-02-09,
Corrosion Service Company Ltd.,,43,,Sales,Career Fair Standard Package,800.00000,1.00000,2014-01-10,CAD,2014-02-09,
SNC-Lavalin Inc.,,44,,Sales,Career Fair Discounted Package,700.00000,1.00000,2014-01-13,CAD,2014-02-12,
Unilever Canada,,45,,Sales,Career Fair Premium Package,1000.00000,1.00000,2014-01-13,CAD,2014-02-12,
Samsung,,46,,Sales,Career Fair Standard Package,800.00000,1.00000,2014-01-15,CAD,2014-02-14,
Addictive Mobility,,47,,Sales,Startup Career Expo Silver Package,750.00000,1.00000,2014-01-19,CAD,2014-02-18,
LocalGrid Technologies,,48,,Sales,Startup Career Expo Personalized Bronze Package,300.00000,1.00000,2014-01-22,CAD,2014-02-21,
Prolucid Technologies Inc.,,49,,Sales,Startup Career Expo Personalized Bronze Package,300.00000,1.00000,2014-01-22,CAD,2014-02-21,
ParElastic,,50,,Sales,Startup Career Expo Bronze Package,150.00000,1.00000,2014-01-23,CAD,2014-02-22,
VuPoynt Media Group,,51,,Sales,Startup Career Expo Guidebook Ad,50.00000,1.00000,2014-01-23,CAD,2014-02-22,
Communitech,,53,,Sales,Startup Career Expo Bronze Package (Communitech package),125.00000,5.00000,2014-01-24,CAD,2014-02-23,
Facebook,Facbeook Social,54,,Sales,Facebook x Launchpad Event,642.39000,1.00000,2014-01-24,CAD,2014-02-23,
Architech,,55,,Sales,Startup Career Expo Silver Package,750.00000,1.00000,2014-01-24,CAD,2014-02-23,
Architech,,55,,Sales,Startup Career Expo - Social Media Package,750.00000,1.00000,2014-01-24,CAD,2014-02-23,
Zynga,,56,,Sales,Zynga UofT session,400.00000,1.00000,2014-01-26,CAD,2014-02-25,
Zynga,,56,,Sales,Zynga UofT session - food and drinks,149.16000,1.00000,2014-01-26,CAD,2014-02-25,
Guru Link Inc.,,57,,Sales,Startup Career Expo Gold Package (50% off),1500.00000,1.00000,2014-02-02,CAD,2014-03-04,
Guru Link Inc.,,57,,Sales,Startup Career Expo Bronze Package,150.00000,1.00000,2014-02-02,CAD,2014-03-04,
Guru Link Inc.,Gurulink,58,,Sales,Startup Career Expo Gold Package (50% off),1500.00000,1.00000,2014-02-02,CAD,2014-03-04,
Guru Link Inc.,Kinetic Cafe,58,,Sales,Startup Career Expo Bronze Package,150.00000,1.00000,2014-02-02,CAD,2014-03-04,
Newton North America,"YNCN Marketing for the Newton Info and Test Session on January 30, 2014",59,,Sales,You're Next Marketing - Newton Info Session,200.00000,1.00000,2014-02-11,CAD,2014-03-13,
Canadian Youth Business Foundation,,60,,Sales,Startup Career Expo Silver Package (33% discount),500.00000,1.00000,2014-02-18,CAD,2014-03-20,
Giftagram,,61,,Sales,Startup Career Expo Bronze Package,150.00000,1.00000,2014-03-06,CAD,2014-04-05,
Royal Bank of Canada,RBC Stock Trading Competition,62,,Services,RBC x Launchpad,162.66000,1.00000,2014-03-26,CAD,2014-04-25,
Accenture Inc.,Open Case Competition hosted by You're Next and Accenture on March 15th.,63,,Services,Accenture Open Case Competition,1000.00000,1.00000,2014-04-04,CAD,2014-04-25,
Procter & Gamble,hosted by YNCN's Launchpad on April 2,64,,Services,P&G CPG Demystified,200.00000,1.00000,2014-04-08,CAD,2014-05-08,
Accenture Inc.,Full-day event at Accenture office,63,,Services,Accenture YouX,2000.00000,1.00000,2014-04-04,CAD,2014-04-25,
Tesla Motors,"Food ($250)

Marketing, logistics, and operations ($250)",65,,Sales,Tesla Fall Recruitment Event,500.00000,1.00000,2014-07-28,CAD,2014-08-27,
PepsiCo Beverages Canada,"Info Session held at UofT.
Target audience- Engineering
Catering- YNCN
Operations- YNCN
Marketing- YNCN",66,,Services,PepsiCo Info Session,600.00000,1.00000,2014-07-28,CAD,2014-08-12,
PepsiCo Beverages Canada,"Expo held at the PepsiCo office in Mississauga.
Transportation of all students- YNCN
Marketing- YNCN
Operations- PepsiCo + YNCN
Catering- PepsiCo",66,,Services,PepsiCo Expo,1650.00000,1.00000,2014-07-28,CAD,2014-08-12,
Applanix,"Career Fair - January 16, 2015",68,,Sales,Career Fair Standard Package,800.00000,1.00000,2014-08-11,CAD,2014-09-25,
Yelp,,69,,Services,Yelp Marketing Partnership,400.00000,1.00000,2014-08-11,USD,2014-08-26,
Microsoft,Tech Day Event with Microsoft,70,,Services,Microsoft x YouX Expo,1700.00000,1.00000,2014-08-14,CAD,2014-09-13,
CI Investments,Career Fair scheduled for January 16th ,71,,Sales,Career Fair Standard Package,800.00000,1.00000,2014-08-18,CAD,2014-10-31,
Google,Google Tech Talk on September 22nd,72,,Services,Google tech talk,750.00000,1.00000,2014-09-01,CAD,2014-09-19,
Google,Google Intern Panel on the 24th,72,,Services,Google Intern Panel,750.00000,1.00000,2014-09-01,CAD,2014-09-19,
Unilever,"Career Fair January 16, 2015",73,,Sales,Career Fair Standard Package,800.00000,1.00000,2014-09-09,CAD,2014-10-09,
Yahoo,"Service fee for recruitment event execution (Oct 1, University of Toronto)",74,,Sales,Yahoo Recruitment Event,700.00000,1.00000,2014-09-18,CAD,2014-10-18,
Holcim,"Career Fair - January 16, 2015",75,,Sales,Career Fair Standard Package,800.00000,1.00000,2014-09-18,CAD,2014-10-18,
 ITG Canada Corp,,76,,Sales,Career Fair Standard Package,800.00000,1.00000,2014-09-19,CAD,2014-10-31,
Shell Canada,Shell on campus at the University of Toronto. September 18th 2014.,77,,Services,Shell Canada Information Session,800.00000,1.00000,2014-09-22,CAD,2014-10-22,
Ultimate Software ,,78,,Sales,Career Fair Premium Package,1000.00000,1.00000,2014-09-23,CAD,2014-10-23,
Pivotal Labs,,79,,Sales,Career Fair Premium Package,1000.00000,1.00000,2014-09-28,CAD,2014-10-13,
Citi Bank,,80,,Services,Citi Bank at UofT St George,850.00000,1.00000,2014-10-06,CAD,2014-11-05,
Microsoft,Free full page ad and interview rooms,81,,Sales,Career Fair Premium Package,1000.00000,1.00000,2014-10-06,CAD,2014-11-05,
Procter and Gamble,,82,,Services,P&G CBD Expo Marketin,400.00000,1.00000,2014-10-06,CAD,2014-11-05,
Desire2Learn,Career Fair - January 16th 2015 - Standard Employer Package,83,CA2351,Sales,Career Fair Standard Package,800.00000,1.00000,2014-10-14,CAD,2014-11-13,
Ceridian,"You're Next Career Fair - January 16, 2015",84,,Sales,Career Fair Premium Package,1000.00000,1.00000,2014-10-31,CAD,2014-11-30,
"Dragados Canada, Inc.",,85,,Sales,Career Fair Standard Package,800.00000,1.00000,2014-11-12,CAD,2014-12-12,
Top Hat Monocle Inc.,"Startup Career Expo - January 30, 2014",86,,Sales,Startup Career Expo 2015 Silver Package,850.00000,1.00000,2014-11-13,CAD,2014-12-13,
CGI ISMS Inc.,Career Fair Standard Package,87,,Sales,Career Fair Standard Package,800.00000,1.00000,2014-11-14,CAD,2014-12-14,
Citi Canada Technology Services,Citi Bank at the You're Next Career Fair,89,,Sales,Career Fair Standard Package,800.00000,1.00000,2014-11-20,CAD,2014-12-20,
Zipcar Inc,,90,,Sales,Career Fair Non-profit Package,450.00000,1.00000,2014-11-24,CAD,2014-12-24,
GuruLink Inc,"Startup Career Expo - MaRS Discovery District, Jan 30th, 10AM - 4PM",91,,Sales,Startup Career Expo 2015 Bronze Package,250.00000,1.00000,2014-11-25,CAD,2014-12-25,
Modiface,"Startup Career Expo 2015 Platinum Package - Modiface
- Large Booth
- Company Event
+ Regular Booth",92,,Sales,Startup Career Expo 2015 Platinum Package - Modiface,4000.00000,1.00000,2014-11-26,CAD,2014-12-26,
GroupBy Inc.,,93,,Sales,Startup Career Expo 2015 Bronze Package,250.00000,1.00000,2014-12-02,CAD,2015-01-01,
Addictive Mobility,,94,,Sales,Startup Career Expo 2015 Bronze Package,250.00000,1.00000,2014-12-02,CAD,2015-01-01,
Bubl Technology Inc.,,95,,Sales,Startup Career Expo 2015 Bronze Package,250.00000,1.00000,2014-12-02,CAD,2015-01-01,
TunnelBear,,96,,Sales,Startup Career Expo 2015 Bronze Package,250.00000,1.00000,2014-12-02,CAD,2015-01-01,
Uken Games,,97,,Sales,Startup Career Expo 2015 Bronze Package,250.00000,1.00000,2014-12-04,CAD,2015-01-03,
TabbleDabble,,98,,Sales,Startup Career Expo 2015 Bronze Package,250.00000,1.00000,2014-12-06,CAD,2015-01-05,
nModal,,99,,Sales,Startup Career Expo 2015 Bronze Package,250.00000,1.00000,2014-12-06,CAD,2015-01-05,
Nymi,"(Discounted, on account of Nymi attending CF and SCE 2015)",100,,Sales,Startup Career Expo Base Package,150.00000,1.00000,2014-12-09,CAD,2014-12-20,
Casale Media,,101,,Sales,Startup Career Expo 2015 Silver Package,850.00000,1.00000,2014-12-09,CAD,2015-01-08,
Interface Biologics,,102,,Sales,Startup Career Expo 2015 Bronze Package,250.00000,1.00000,2014-12-10,CAD,2015-01-09,
Unata,,104,,Sales,Startup Career Expo 2015 Bronze Package,250.00000,1.00000,2014-12-15,CAD,2015-01-14,
Security Compass,,105,,Sales,Startup Career Expo 2015 Bronze Package,250.00000,1.00000,2014-12-15,CAD,2015-01-14,
Weebly,,106,,Sales,Startup Career Expo 2015 Silver Package,850.00000,1.00000,2014-12-15,CAD,2015-01-14,
Keyobi,,107,,Sales,Startup Career Expo 2015 Bronze Package,250.00000,1.00000,2014-12-16,CAD,2015-01-15,
Accenture Inc.,"Invoice for CF booth in January 16, 2015",108,,Sales,Career Fair Standard Package,800.00000,1.00000,2014-12-16,CAD,2015-01-15,
SAP Canada Inc.,,109,,Sales,Career Fair Standard Package,800.00000,1.00000,2014-12-17,CAD,2015-01-16,
Kasbee Media,,110,,Services,Kasbee Media - Ad Pages,1800.00000,1.00000,2014-12-17,CAD,2015-01-16,
Kasbee Media,,111,,Services,Kasbee Media - Ad Pages,1800.00000,1.00000,2014-12-17,CAD,2015-01-16,
CampBrain,,112,,Sales,Startup Career Expo 2015 Bronze Package,250.00000,1.00000,2014-12-17,CAD,2015-01-16,
Dimaris,"Startup Career Expo 2015 - January 30th, 2015 @ MaRS",113,,Sales,Startup Career Expo 2015 Bronze Package,250.00000,1.00000,2014-12-22,CAD,2015-01-21,
Tract Systems,,114,,Sales,Startup Career Expo 2015 Bronze Package,250.00000,1.00000,2014-12-24,CAD,2015-01-23,
Mars Canada Inc.,"You're Next Career Fair (Friday 16th January, 255 McCaul Street)",115,,Sales,Career Fair Standard Package,800.00000,1.00000,2014-12-29,CAD,2015-01-09,
Aversan Inc.,,116,,Sales,Career Fair Standard Package,800.00000,1.00000,2014-12-29,CAD,2015-01-28,
Wirkn,,117,,Sales,Career Fair Standard Package,800.00000,1.00000,2015-01-05,CAD,2015-01-09,
SurfEasy,,118,,Sales,Startup Career Expo 2015 Silver Package,850.00000,1.00000,2015-01-06,CAD,2015-01-23,
Tata Consultancy Services,,119,,Sales,Career Fair Standard Package,800.00000,1.00000,2015-01-07,CAD,2015-01-16,
Dashboard,"Startup Career Expo 2015
January 30th, 2015 @ MaRS",120,,Sales,Startup Career Expo 2015 Silver Package,850.00000,1.00000,2015-01-08,CAD,2015-01-30,
Architech,,121,,Sales,Startup Career Expo 2015 Bronze Package,250.00000,1.00000,2015-01-08,CAD,2015-02-07,
TapGen,,123,,Sales,Startup Career Expo 2015 Bronze Package,250.00000,1.00000,2015-01-08,CAD,2015-02-07,
INCubes,,124,,Sales,Startup Career Expo 2015 Bronze Package,250.00000,1.00000,2015-01-08,CAD,2015-02-07,
Trane,"Standard Booth for You're Next Career Fair on January 16th, 2015",125,,Sales,Career Fair Standard Package,800.00000,1.00000,2015-01-08,CAD,2015-01-16,
TripAdvisor,,126,,Sales,Career Fair Standard Package,800.00000,1.00000,2015-01-09,CAD,2015-02-08,
ThinkData Works Inc.,"Startup Career Expo 2015
Friday, January 30th, 2015 @ MaRS",127,,Sales,Startup Career Expo 2015 Bronze Package,250.00000,1.00000,2015-01-09,CAD,2015-01-30,
Blanclink,Startup Career Expo 2015 - Bronze Package for Blanclink,128,,Sales,Startup Career Expo 2015 Bronze Package,250.00000,1.00000,2015-01-13,CAD,2015-02-12,
Bitmaker Labs,Bronze Package for Bitmaker Labs for Startup Career Expo 2015,129,,Sales,Startup Career Expo 2015 Bronze Package - Bitmaker Labs ,150.00000,1.00000,2015-01-13,CAD,2015-01-30,
SkyPrep,,130,,Sales,Startup Career Expo 2015 Bronze Package,250.00000,1.00000,2015-01-14,CAD,2015-01-29,
Bnotions,,131,,Sales,Career Fair Standard Package,800.00000,1.00000,2015-01-14,CAD,2015-02-13,
BlueDot,,132,,Sales,Startup Career Expo 2015 Bronze Package,250.00000,1.00000,2015-01-14,CAD,2015-02-13,
JUICE Mobile,,133,,Sales,Startup Career Expo 2015 Bronze Package,250.00000,1.00000,2015-01-14,CAD,2015-02-13,
Wirkn,,134,,Sales,Startup Career Expo 2015 Bronze Package,250.00000,1.00000,2015-01-14,CAD,2015-02-13,
Method Integration Inc.,,135,,Sales,Startup Career Expo Bronze Package Discount,150.00000,1.00000,2015-01-15,CAD,2015-01-30,
Obero Solutions,Obero Solutions SCE2015 Bronze Package,136,,Sales,Startup Career Expo 2015 Bronze Package,250.00000,1.00000,2015-01-17,CAD,2015-02-16,
Readyportal,Readyportal - SCE2015 Bronze,137,,Sales,Startup Career Expo 2015 Bronze Package,250.00000,1.00000,2015-01-17,CAD,2015-02-16,
Kiwi Wearables,,139,,Sales,Startup Career Expo 2015 Bronze Package,250.00000,1.00000,2015-01-17,CAD,2015-02-16,
Mercatus Technologies,,140,,Sales,Startup Career Expo 2015 Bronze Package,250.00000,1.00000,2015-01-19,CAD,2015-02-18,
FlashStock,"Bronze package for the Startup Career Expo on January 30, 2015",141,,Sales,Startup Career Expo Bronze Package,250.00000,1.00000,2015-01-19,CAD,2015-02-18,
Tulip Retail,Tulip Retail SCE2015 - Bronze Package,143,,Sales,Startup Career Expo 2015 Bronze Package,250.00000,1.00000,2015-01-19,CAD,2015-02-18,
I-CUBE,,144,,Sales,Startup Career Expo Bronze Package Discount,150.00000,1.00000,2015-01-19,CAD,2015-02-18,
Sensassure,,145,,Sales,Startup Career Expo 2015 Bronze Package,250.00000,1.00000,2015-01-20,CAD,2015-02-19,
Yugen,Yugen SCE2015 Bronze Package,146,,Sales,Startup Career Expo 2015 Bronze Package,250.00000,1.00000,2015-01-20,CAD,2015-02-19,
Accelerator Centre,,147,,Sales,Startup Career Expo 2015 Bronze Package,250.00000,1.00000,2015-01-20,CAD,2015-02-12,
Flixel Photos Inc,Flixel Photos Inc SCE2015 Bronze Package,148,,Sales,Startup Career Expo 2015 Bronze Package,250.00000,1.00000,2015-01-20,CAD,2015-02-19,
Rica Analytics,,149,,Sales,Startup Career Expo 2015 Bronze Package,250.00000,1.00000,2015-01-20,CAD,2015-02-19,
Finding Engineers Inc.,,150,,Sales,Career Fair Startup Package,250.00000,1.00000,2015-01-20,CAD,2015-02-19,
Digiflare,,152,,Sales,Startup Career Expo 2015 Bronze Package,250.00000,1.00000,2015-01-21,CAD,2015-02-06,
Wealthsimple,,153,,Sales,Startup Career Expo 2015 Bronze Package,250.00000,1.00000,2015-01-21,CAD,2015-02-06,
Sago Sago,,154,,Sales,Startup Career Expo 2015 Bronze Package,250.00000,1.00000,2015-01-21,CAD,2015-02-20,
Apartmate,,155,,Sales,Startup Career Expo Bronze Package Discount,150.00000,1.00000,2015-01-22,CAD,2015-02-21,
Flybits,,158,,Sales,Startup Career Expo 2015 Bronze Package,250.00000,1.00000,2015-01-23,CAD,2015-02-22,
Nanoleaf,,159,,Sales,Startup Career Expo 2015 Bronze Package,250.00000,1.00000,2015-01-24,CAD,2015-02-23,
WeMesh,,160,,Services,Startup Career Expo 2014 Platinum Package - WeMesh,4500.00000,1.00000,2015-01-26,CAD,2015-02-25,
AgileBits,,161,,Sales,Startup Career Expo Base Package,250.00000,1.00000,2015-01-26,CAD,2015-02-25,
Forcare,,162,,Sales,Startup Career Expo 2015 Bronze Package,250.00000,1.00000,2015-01-27,CAD,2015-02-26,
Grace Soyao,,163,,Services,Startup Career Expo 2015 - Bronze Discount,125.00000,1.00000,2015-01-27,CAD,2015-02-26,
Parakweet,,164,,Services,Startup Career Expo 2015 - Bronze - Parakweet,100.00000,1.00000,2015-01-29,CAD,2015-02-07,
Google,Premium Booth and all associated benefits at You're Next Career Network's Fall Industry Day,165,,Services,Fall Industry Day Premium,1000.00000,1.00000,2015-07-23,CAD,2015-08-22,
Ceridian,"Premium Booth - Fall Industry Day
Premium Booth - Winter Career Fair",168,,Sales,Premium Career Fair Combo Package,1400.00000,1.00000,2015-07-31,CAD,2015-08-30,
Kiwi Wearable Technologies Ltd. ,,169,,Sales,Startup Career Expo 2016 Bronze Package,300.00000,1.00000,2015-08-17,CAD,2015-08-17,13%
Lighthouse Labs,,170,,Sales,Startup Career Expo - Early Bird Bronze Package,250.00000,1.00000,2015-09-17,CAD,2015-10-01,
Hatch,"Marketing, catering, and miscellaneous operating expenses to organize Hatch's information and networking session",171,,Services,Company Spotlight Event,600.00000,1.00000,2015-08-21,CAD,2015-09-04,
Brainstation,,172,,Sales,Startup Career Expo 2016 Bronze Package,300.00000,1.00000,2015-08-22,CAD,2015-09-21,
Trace,"This is the invoice for the ""Robotics and Mechatronics Showcase"" happening at UofT on October 1st. 

The cost breakdown should have been emailed to you previously, but the total cost comes to 80$.",174,,Services,Startup Robotics Showcase - October 1st,80.00000,1.00000,2015-08-25,CAD,2015-09-04,
XYZ Interactive,"This is the invoice for the ""Robotics and Mechatronics Showcase"" happening at UofT on October 1st. 
The cost breakdown should have been emailed to you previously, but the total cost comes to 80$.
Attached is a pdf of the invoice for record keeping.
",175,,Services,Startup Robotics Showcase - October 1st,80.00000,1.00000,2015-08-25,CAD,2015-09-04,
3D-Bottech,"This is the invoice for the ""Robotics and Mechatronics Showcase"" happening at UofT on October 1st. 
The cost breakdown should have been emailed to you previously, but the total cost comes to 80$.
Attached is a pdf of the invoice for record keeping.",176,,Services,Startup Robotics Showcase - October 1st,80.00000,1.00000,2015-08-25,CAD,2015-09-04,
TeaBOT,"This is the invoice for the ""Robotics and Mechatronics Showcase"" happening at UofT on October 1st. 
The cost breakdown should have been emailed to you previously, but the total cost comes to 80$.
Attached is a pdf of the invoice for record keeping.",177,,Services,Startup Robotics Showcase - October 1st,80.00000,1.00000,2015-08-25,CAD,2015-09-04,
Aeryon Labs (James),"This is the invoice for the ""Robotics and Mechatronics Showcase"" happening at UofT on October 1st. 
The cost breakdown should have been emailed to you previously, but the total cost comes to 80$.
Attached is a pdf of the invoice for record keeping.",178,,Services,Startup Robotics Showcase - October 1st,80.00000,1.00000,2015-08-25,CAD,2015-09-04,
PepsiCo,"Marketing, catering, and miscellaneous operating expenses to organize PepsiCo's information and networking session",179,,Services,Company Spotlight Event,600.00000,1.00000,2015-08-27,CAD,2015-09-11,
Dragados,"Standard Booth - Fall Industry Day
Standard Booth - Winter Career Fair",180,,Services,Standard Career Fair Combo Package,1000.00000,1.00000,2015-08-31,CAD,2015-09-15,
Nymi,,181,,Services,Startup Hopping - September 24th,150.00000,1.00000,2015-09-02,CAD,2015-09-17,
Google,"Marketing, catering, and various operational expenses for Google",182,,Services,Company Spotlight Event,1000.00000,1.00000,2015-09-04,CAD,2015-09-18,
500px,,183,,Services,Startup Hopping - September 24th,150.00000,1.00000,2015-09-07,CAD,2015-09-15,
DMZ,,184,,Services,Startup Hopping - November 3rd,150.00000,1.00000,2015-09-11,CAD,2015-10-11,
Procter & Gamble,,185,,Sales,Career Fair Standard Package,700.00000,1.00000,2015-09-15,CAD,2015-10-15,
SkyPrep,,186,,Sales,Startup Career Expo - Early Bird Bronze Package,250.00000,1.00000,2015-09-15,CAD,2015-10-01,
Addictive Mobility,,187,,Sales,Startup Career Expo - Bronze Early Bird Package,250.00000,1.00000,2015-09-18,CAD,2015-10-01,
Procter & Gamble,"Marketing, catering, and various operational expenses for the individual company",190,,Services,Company Spotlight Event,300.00000,1.00000,2015-09-20,CAD,2015-10-20,
CampBrain,,191,,Sales,Startup expo silver w early bird,750.00000,1.00000,2015-09-21,CAD,2015-10-21,
BlueDot,,192,,Sales,Startup Career Expo - Bronze Early Bird Package,250.00000,1.00000,2015-09-22,CAD,2015-10-22,
PagerDuty,,193,,Sales,Startup Career Expo - Bronze Early Bird Package,150.00000,1.00000,2015-09-23,CAD,2015-10-01,
Big Viking Games,,194,,Sales,Startup Career Expo 2016 - Early Bird Silver Package,750.00000,1.00000,2015-09-23,CAD,2015-10-08,
QuickTapSurvey,,195,,Sales,Startup Career Expo - Early Bird Bronze Package,250.00000,1.00000,2015-09-23,CAD,2015-10-08,
Accenture Inc. ,"Winter Career Fair - Standard Booth

Company Spotlight Event - Late November",196,,Sales,Career Fair Networking Session,1000.00000,1.00000,2015-09-23,CAD,2015-10-02,
Shell,"Room/equipment rental, marketing, and service charge for the two Shell Company Spotlight Events ",197,,Services,Company Spotlight Event,300.00000,1.00000,2015-09-25,CAD,2015-10-12,
Green Brick Labs,,198,,Sales,Startup Career Expo - Bronze Early Bird Package,250.00000,1.00000,2015-09-26,CAD,2015-10-12,
Nanoleaf,,199,,Sales,Startup Career Expo - Early Bird Bronze Package,250.00000,1.00000,2015-09-27,CAD,2015-10-27,
Top Hat Monocle Inc.,,200,,Sales,Startup Career Expo 2016 - Early Bird Silver Package,750.00000,1.00000,2015-09-28,CAD,2015-10-28,
nModal,,201,,Sales,Startup Career Expo - Bronze Early Bird Package,250.00000,1.00000,2015-09-28,CAD,2015-10-28,
Interface Biologics Inc.,,202,,Sales,Startup Career Expo - Bronze Early Bird Package,250.00000,1.00000,2015-09-29,CAD,2015-10-29,
Vox Pop Labs,,203,,Sales,Startup Career Expo - Bronze Early Bird Package,150.00000,1.00000,2015-09-29,CAD,2015-10-03,
d,,204,,Sales,Startup Career Expo 2016 Bronze Package,300.00000,1.00000,2015-09-29,CAD,2015-10-29,
TunnelBear,,205,,Sales,Startup Career Expo - Bronze Early Bird Package,250.00000,1.00000,2015-09-29,CAD,2015-10-29,
Vantage Analytics,,206,,Sales,Startup Career Expo - Bronze Early Bird Package,150.00000,1.00000,2015-09-29,CAD,2015-10-29,
Grossman Dorland Recruiting,,207,,Sales,Startup Career Expo - Bronze Early Bird Package,250.00000,1.00000,2015-09-29,CAD,2015-10-29,
Parliament Building Supplies,,208,,Sales,Startup Career Expo - Bronze Early Bird Package,250.00000,1.00000,2015-09-29,CAD,2015-10-01,
Altera,Marketing and operational expense,209,,Services,Company Spotlight Event,100.00000,1.00000,2015-10-04,CAD,2015-11-03,
Altera,Catering,209,,Services,Company Spotlight Event,600.00000,1.00000,2015-10-04,CAD,2015-11-03,
Toronto Transit Commission,,210,,Sales,Career Fair Standard Package,800.00000,1.00000,2015-10-05,CAD,2015-11-04,
Hatch,Incidental Fees for the Hatch Company Spotlight Event ,211,,Services,Company Spotlight Event,300.00000,1.00000,2015-10-05,CAD,2015-10-19,
Pishon Labs,,212,,Sales,Startup Career Expo - Bronze Early Bird Package,250.00000,1.00000,2015-10-08,CAD,2015-10-30,
PricewaterhouseCoopers LLP,Standard booth for Fall and Winter Career Fairs,213,,Sales,Career Fair Discounted Package,1000.00000,1.00000,2015-10-09,CAD,2015-10-15,
Uken Games,,214,,Sales,Startup Career Expo 2016 Bronze Package,300.00000,1.00000,2015-10-14,CAD,2015-11-13,
IMMUNIO,,215,,Sales,Startup Career Expo - Bronze Early Bird Package,250.00000,1.00000,2015-10-15,CAD,2015-11-14,
Pomerleau,Standard Booth,216,,Services,Winter Career Fair,800.00000,1.00000,2015-10-19,CAD,2015-11-02,
Index Exchange,,217,,Sales,Startup Career Expo 2016 Silver Package,900.00000,1.00000,2015-10-19,CAD,2015-11-18,
D+H,,218,,Sales,Career Fair Premium Package,1000.00000,1.00000,2015-10-20,CAD,2015-11-19,
Grandstand,,219,,Sales,Startup Career Expo 2016 Bronze Package,300.00000,1.00000,2015-10-22,CAD,2015-11-21,
Penta Medical,,220,,Sales,Startup Career Expo 2016 Bronze Package,300.00000,1.00000,2015-10-22,CAD,2015-11-21,
Grabb,,221,,Sales,Startup Career Expo 2016 Bronze Package,300.00000,1.00000,2015-10-27,CAD,2015-11-26,
A Thinking Ape,,222,,Sales,Startup Career Expo 2016 Bronze Package,300.00000,1.00000,2015-10-28,CAD,2015-11-27,
Magniware,,223,,Sales,Startup Career Expo 2016 Bronze Package,300.00000,1.00000,2015-10-30,CAD,2015-11-29,
Vena Solutions,,224,,Sales,Startup Career Expo 2016 Bronze Package,300.00000,1.00000,2015-11-03,CAD,2015-12-03,
Parsel.me,,225,,Sales,Startup Career Expo 2016 Bronze Package,300.00000,1.00000,2015-11-03,CAD,2015-12-03,
Hewlett Packard Enterprise,,226,,Sales,Startup Career Expo 2016 Gold Package,5000.00000,1.00000,2015-11-09,CAD,2015-12-09,
Textbooks For Change,,227,,Sales,Startup Career Expo 2016 Bronze Package,300.00000,1.00000,2015-11-09,CAD,2015-11-24,
DoorDash,,228,,Sales,Startup Career Expo 2016 Silver Package,900.00000,1.00000,2015-11-09,CAD,2015-12-09,
Jeeko,,229,,Sales,Startup Career Expo 2016 Bronze Package,300.00000,1.00000,2015-11-13,CAD,2015-12-13,
IBM,,230,,Services,"Startup Expo, UofT - Corporate Sponsorship",5000.00000,1.00000,2015-09-30,CAD,2015-12-01,
Mercatus Technologies,,231,,Sales,Startup Career Expo 2016 Bronze Package,300.00000,1.00000,2015-11-17,CAD,2015-12-17,
Edusight,,232,,Sales,Startup Career Expo Edusight Silver Package,700.00000,1.00000,2015-10-01,CAD,2015-12-18,
Zipcar,Standard Booth at Winter Career Fair,233,,Services,Winter Career Fair,450.00000,1.00000,2015-11-30,CAD,2015-12-15,
Applanix,Standard Booth,234,,Services,Winter Career Fair,800.00000,1.00000,2015-12-01,CAD,2015-12-16,
Deep Genomics,,235,,Sales,Startup Career Expo 2016 Bronze Package,300.00000,1.00000,2015-12-02,CAD,2016-01-01,
SurfEasy,,236,,Sales,Startup Career Expo 2016 Silver Package,900.00000,1.00000,2015-12-02,CAD,2016-01-01,
Tulip Retail,,237,,Sales,Startup Career Expo 2016 Bronze Package,300.00000,1.00000,2015-12-03,CAD,2015-12-18,
McKinsey & Company,McKinsey & Company,238,,Services,Company Spotlight Event,300.00000,1.00000,2015-12-03,CAD,2015-12-17,
TribalScale,,239,,Sales,Startup Career Expo 2016 Bronze Package,300.00000,1.00000,2015-12-03,CAD,2016-01-02,
Method,,240,,Sales,Startup Career Expo 2016 Bronze Package,300.00000,1.00000,2015-12-04,CAD,2016-01-03,
SAP Canada,Standard Booth,241,,Services,Winter Career Fair,800.00000,1.00000,2015-12-05,CAD,2015-12-21,
Limelight Platform,,242,,Sales,Startup Career Expo 2016 Bronze Package,300.00000,1.00000,2015-12-07,CAD,2016-01-06,
Toronto Hydro,Standard Booth,243,,Services,Winter Career Fair,800.00000,1.00000,2015-12-08,CAD,2015-12-22,
Lending Loop,,244,,Sales,Startup Career Expo 2016 Bronze Package,300.00000,1.00000,2015-12-11,CAD,2015-12-26,
CPA Ontario,"Premium Booth with Wifi, iPad, and Parking ",245,,Services,Winter Career Fair,1000.00000,1.00000,2015-12-14,CAD,2015-12-23,
Bionik Labs,,246,,Sales,Startup Career Expo 2016 Bronze Package,300.00000,1.00000,2015-12-15,CAD,2016-01-14,
The Hatchery,,247,,Sales,Startup Career Expo - Bronze Early Bird Package,250.00000,1.00000,2015-12-17,CAD,2016-01-16,
NexJ Systems,,248,,Sales,Startup Career Expo 2016 Silver Package,900.00000,1.00000,2015-12-17,CAD,2016-01-04,
Hewlett Packard Enterprise,,249,,Sales,Startup Career Expo 2016 Gold Package,5000.00000,1.00000,2015-12-17,CAD,2016-01-16,
TATA Consultancy Services,"Standard Booth with WiFi + Full Page Add-On

",250,,Services,Winter Career Fair,900.00000,1.00000,2015-12-18,CAD,2016-01-08,
HESS International Educational Group,Additional Payment for Premium Subscription,251,,Services,Winter Career Fair,200.00000,1.00000,2015-12-18,CAD,2015-12-23,
Free The Children,"Winter Career Fair - Standard Booth
Non-Profit Pricing",252,,Services,Winter Career Fair,450.00000,1.00000,2015-12-21,CAD,2016-01-08,
Koffeedate Group Inc.,,254,,Sales,Startup Career Expo 2016 Bronze Package,300.00000,1.00000,2016-01-04,CAD,2016-02-03,
Cryptiv,,255,,Sales,Startup Career Expo 2016 Bronze Package,300.00000,1.00000,2016-01-04,CAD,2016-01-18,
University of Toronto Institute for Management and Innovation,Standard Booth - Discounted ,256,,Services,Winter Career Fair,450.00000,1.00000,2016-01-04,CAD,2016-01-04,
Get Sweat Equity,,257,,Sales,Startup Career Expo 2016 Bronze Package,300.00000,1.00000,2016-01-08,CAD,2016-02-07,
PepsiCo Beverages Canada,,258,,Sales,"Winter Career Fair, Standard Booth (Discounted from $800)",500.00000,1.00000,2016-01-08,CAD,2016-02-07,
Nvest,,259,,Sales,Startup Career Expo 2016 Bronze Package,300.00000,1.00000,2016-01-10,CAD,2016-02-09,
LocationGenius,,260,,Sales,Startup Career Expo 2016 Bronze Package,300.00000,1.00000,2016-01-10,CAD,2016-01-20,
Amity,,261,,Sales,Startup Career Expo 2016 Bronze Package,300.00000,1.00000,2016-01-11,CAD,2016-01-18,
Deep Foundations Contractors Inc.,,262,,Sales,Career Fair Premium Package,1000.00000,1.00000,2016-01-11,CAD,2016-01-22,
Real Matters,,263,,Sales,Startup Career Expo Bronze Package Discount,300.00000,1.00000,2016-01-12,CAD,2016-01-29,
OneClass,,264,,Sales,Startup Career Expo 2016 Bronze Package,300.00000,1.00000,2016-01-12,CAD,2016-02-11,
360pi,,265,,Sales,Startup Career Expo 2016 Bronze Package,300.00000,1.00000,2016-01-12,CAD,2016-01-18,
UXP Systems,,266,,Sales,Startup Career Expo 2016 Bronze Package,300.00000,1.00000,2016-01-12,CAD,2016-01-19,
GroupBy Inc.,,267,,Sales,Startup Career Expo 2016 Bronze Package,300.00000,1.00000,2016-01-13,CAD,2016-01-20,
Nudge Rewards,,268,,Sales,Startup Career Expo 2016 Bronze Package,300.00000,1.00000,2016-01-13,CAD,2016-01-20,
XYZ Interactive,,269,,Sales,Startup Career Expo - Bronze Early Bird Package,250.00000,1.00000,2016-01-14,CAD,2016-01-21,
Pinch VR,,270,,Sales,Startup Career Expo 2016 Bronze Package,300.00000,1.00000,2016-01-14,CAD,2016-02-13,
Edsby,,271,,Sales,Startup Career Expo 2016 Bronze Package,300.00000,1.00000,2016-01-14,CAD,2016-01-22,
500px,,272,,Sales,Startup Career Expo 2016 Bronze Package,300.00000,1.00000,2016-01-14,CAD,2016-01-20,
WatrHub,,273,,Sales,Startup Career Expo - Bronze Early Bird Package,250.00000,1.00000,2016-01-15,CAD,2016-01-22,
Horizn,,274,,Sales,Startup Career Expo 2016 Bronze Package,300.00000,1.00000,2016-01-15,CAD,2016-01-20,
GuruLink Inc,,275,,Sales,Startup Career Expo 2016 Bronze Package,300.00000,1.00000,2016-01-15,CAD,2016-01-21,
Sulon Technologies Inc.,"Bronze Package. 

Attendance at the Social and Career Fair is included.",276,,Sales,Startup Career Expo 2016 Bronze Package,300.00000,1.00000,2016-01-15,CAD,2016-01-22,
Crowdmatrix,,277,,Sales,Startup Career Expo 2016 Bronze Package,300.00000,1.00000,2016-01-15,CAD,2016-02-14,
Labatt Brewing Company Limited ,,278,,Sales,Career Fair Premium Package,1000.00000,1.00000,2016-01-15,CAD,2016-01-22,
Invent Mode,,279,,Sales,Startup Career Expo - Bronze Early Bird Package,250.00000,1.00000,2016-01-16,CAD,2016-02-15,
Ecobee,,280,,Sales,Startup Career Expo 2016 Bronze Package,300.00000,1.00000,2016-01-19,CAD,2016-01-27,
Lane,,281,,Sales,Startup Career Expo 2016 Bronze Package,300.00000,1.00000,2016-01-19,CAD,2016-01-22,
Aeryon Labs (James),,283,,Sales,Startup Career Expo 2016 Silver Package,810.00000,1.00000,2016-01-20,CAD,2016-01-26,
Lane,,284,,Sales,Startup Career Expo 2016 Bronze Package,250.00000,1.00000,2016-01-20,CAD,2016-01-25,
TripAdvisor,"Resume Workshop held on January 21, 2016 on the U of T campus.",285,,Services,TripAdvisor x Student Development Resume Workshop,500.00000,1.00000,2016-02-03,CAD,2016-02-05,
Google,"For the premium booth at Winter Career Fair 2016 (discounted to $400 due to Fall Career Fair attendance).

Ask Me Anything Panel (Jan. 19) + Tech. Interview Prep Session (Jan. 20) = $1500.

Total = $400 + $1500 = $1900",286,,Services,Google x YNCN Winter 2016,1900.00000,1.00000,2016-01-23,CAD,2016-02-22,
Self Care Catalysts Inc. ,,287,,Sales,Startup Career Expo 2016 Bronze Package,300.00000,1.00000,2016-01-23,CAD,2016-02-22,
Maluuba,,288,,Sales,Startup Career Expo 2016 Bronze Package,300.00000,1.00000,2016-01-24,CAD,2016-01-28,
DMZ,,289,,Sales,Startup Career Expo DMZ Package,1250.00000,1.00000,2016-01-25,CAD,2016-01-28,
Whoosh!,,290,,Sales,Startup Expo 2016 - N36 Package,250.00000,1.00000,2016-01-25,CAD,2016-02-24,
Vuru.co,,291,,Sales,Startup Career Expo 2016 Bronze Package,300.00000,1.00000,2016-01-26,CAD,2016-02-25,
Get Sweat Equity,Remaining invoice for Get Sweat Equity.,292,,Services,CF 2016 Winter,150.00000,1.00000,2016-02-02,CAD,2016-03-03,
Microsoft,Standard package for the fall and winter career fairs. ,293,,Sales,Career Fair Standard Package,800.00000,2.00000,2016-06-10,CAD,2016-07-10,
Microsoft,Discount for attending both the fall and winter career fairs.,293,,Sales,Career Fair Discount,-500.00000,1.00000,2016-06-10,CAD,2016-07-10,
Kubra,,294,,Sales,Career Fair Standard Package,800.00000,2.00000,2016-06-21,CAD,2016-07-06,
Kubra,Discount for attending both the fall and winter career fairs.,294,,Sales,Career Fair Discount,-500.00000,1.00000,2016-06-21,CAD,2016-07-06,
IBM,,295,,Sales,Career Fair Standard Package,800.00000,2.00000,2016-06-21,CAD,2016-07-06,
IBM,Discount for attending both the fall and winter career fairs.,295,,Sales,Career Fair Discount,-500.00000,1.00000,2016-06-21,CAD,2016-07-06,
Rocscience Inc.,,296,,Sales,Career Fair Standard Package,800.00000,1.00000,2016-06-27,CAD,2016-07-12,
NVIDIA,,297,,Sales,Career Fair Premium Package,1000.00000,2.00000,2016-06-27,CAD,2016-07-12,
NVIDIA,Discount for attending both the fall and winter career fairs.,297,,Sales,Career Fair Discount,-500.00000,1.00000,2016-06-27,CAD,2016-07-12,
Operis,,299,,Sales,Career Fair Standard Package,800.00000,2.00000,2016-07-07,CAD,2016-07-22,
Operis,Discount for attending both the fall and winter career fairs.,299,,Sales,Career Fair Discount,-500.00000,1.00000,2016-07-07,CAD,2016-07-22,
PwC,Winter only.,301,,Sales,Career Fair Premium Package,1000.00000,1.00000,2016-07-12,CAD,2016-07-27,
Wattpad,,303,,Sales,YNCN E-Week Partnership,400.00000,1.00000,2016-07-14,CAD,2016-08-13,
Bibliocommons,,304,,Sales,Career Fair Standard Package,800.00000,1.00000,2016-07-17,CAD,2016-08-01,
University of Toronto Institute for Multidisciplinary Design and Innovation,,305,,Sales,Career Fair Standard Package,800.00000,1.00000,2016-07-19,CAD,2016-08-03,
Ceridian,,307,,Sales,Career Fair Premium Package,1000.00000,2.00000,2016-07-20,CAD,2016-08-04,
Ceridian,Discount for attending both the fall and winter career fairs.,307,,Sales,Career Fair Discount,-500.00000,1.00000,2016-07-20,CAD,2016-08-04,
Ceridian,1hr long information session held during career fair.,307,,Sales,Career Fair Information Session,100.00000,2.00000,2016-07-20,CAD,2016-08-04,
Kik Interactive Inc. ,,309,,Sales,Startup Career Expo 2017 - Early Bird Silver Package,750.00000,1.00000,2016-07-22,CAD,2016-08-21,
Michael O'Dwyer,Test Invoice,312,,Sales,Test Invoice,2.63000,1.00000,2016-07-25,CAD,2016-08-24,13%
Professional Engineers Ontario,,313,,Sales,Career Fair Non-profit Package,450.00000,1.00000,2016-08-01,CAD,2016-08-16,
Geotab Inc.,,314,,Sales,Career Fair Premium Package,1000.00000,1.00000,2016-08-01,CAD,2016-08-16,
FM Global,,315,,Sales,Career Fair Standard Package,800.00000,1.00000,2016-08-01,CAD,2016-08-16,
Google,Fall and winter career fairs. ,316,,Sales,Career Fair Standard Package,800.00000,2.00000,2016-08-01,CAD,2016-09-01,
Google,Discount for attending both the fall and winter career fairs.,316,,Sales,Career Fair Discount,-500.00000,1.00000,2016-08-01,CAD,2016-09-01,
Google,An interactive session with students. Food and drinks will be provided. ,316,,Sales,Company Spotlight Event,500.00000,2.00000,2016-08-01,CAD,2016-09-01,
TribalScale,,319,,Sales,YNCN E-Week Partnership,400.00000,1.00000,2016-08-04,CAD,2016-09-03,
Flipp,Includes fall career fair branding and premium booth.,320,,Sales,Fall Career Fair Sponsorship,3000.00000,1.00000,2016-08-11,CAD,2016-09-10,
Trane,,321,,Sales,Career Fair Standard Package,800.00000,1.00000,2016-08-11,CAD,2016-09-10,
Trane,1hr long information session held during career fair.,321,,Sales,Career Fair Information Session,100.00000,1.00000,2016-08-11,CAD,2016-09-10,
Infusion,,323,,Sales,Career Fair Premium Package,1000.00000,2.00000,2016-08-16,CAD,2016-09-15,
Infusion,Discount for attending both the fall and winter career fairs.,323,,Sales,Career Fair Discount,-500.00000,1.00000,2016-08-16,CAD,2016-09-15,
Altera,,324,,Sales,Career Fair Premium Package,1000.00000,2.00000,2016-08-17,CAD,2016-09-16,
Altera,Discount for attending both the fall and winter career fairs.,324,,Sales,Career Fair Discount,-500.00000,1.00000,2016-08-17,CAD,2016-09-16,
Accenture,Winter career fair attendance. ,325,,Sales,Career Fair Standard Package,800.00000,1.00000,2016-08-18,CAD,2016-08-31,
Accenture,An interactive session with students. ,325,,Sales,Company Spotlight Event,400.00000,1.00000,2016-08-18,CAD,2016-08-31,
NVIDIA,An interactive session with students. Food and drinks will be provided. ,326,,Sales,Company Spotlight Event,500.00000,1.00000,2016-08-17,CAD,2016-09-16,
Accenture,,327,,Sales,Career Fair Standard Package,800.00000,1.00000,2016-08-18,CAD,2016-08-31,
Accenture,An interactive session with students.,327,,Sales,Company Spotlight Event,400.00000,1.00000,2016-08-18,CAD,2016-08-31,
Microsoft,A coding competition with students. Food and drinks will be provided. ,329,,Sales,Company Spotlight Event,750.00000,1.00000,2016-08-17,CAD,2016-09-17,
MaRS Innovation,,330,,Sales,YNCN E-Week Partnership,400.00000,1.00000,2016-08-18,CAD,2016-09-19,
Citi Canada,,331,,Sales,Career Fair Standard Package,800.00000,2.00000,2016-08-19,CAD,2016-09-18,
Citi Canada,Discount for attending both the fall and winter career fairs.,331,,Sales,Career Fair Discount,-500.00000,1.00000,2016-08-19,CAD,2016-09-18,
CampBrain,,332,,Sales,Startup Career Expo 2017 - Early Bird Silver Package,750.00000,1.00000,2016-08-23,CAD,2016-09-22,
TATA Consultancy Services,1hr long information session held during career fair.,333,,Sales,Career Fair Information Session,100.00000,1.00000,2016-08-29,CAD,2016-09-28,
RBC,,334,,Sales,Career Fair Premium Package,1000.00000,2.00000,2016-08-29,CAD,2016-09-28,
RBC,Discount for attending both the fall and winter career fairs.,334,,Sales,Career Fair Discount,-500.00000,1.00000,2016-08-29,CAD,2016-09-28,
Loopio,,335,,Sales,Startup Career Expo 2017 - Early Bird Silver Package,750.00000,1.00000,2016-08-30,CAD,2016-09-29,
Continyou Care,,336,,Sales,Startup Career Expo 2017 - Early Bird Bronze Package,250.00000,1.00000,2016-09-01,CAD,2016-10-01,
Nanoleaf,,337,,Sales,YNCN E-Week Mentorship,150.00000,1.00000,2016-09-01,CAD,2016-09-16,
Telus,,338,,Sales,You're Next Design Challenge - Telus Sponsorship,1000.00000,1.00000,2016-09-02,CAD,2016-09-17,
Lighthouse Labs,,339,,Sales,YNCN E-Week Mentorship,150.00000,1.00000,2016-09-03,CAD,2016-09-20,
Google,,340,,Sales,YNCN E-Week Partnership,400.00000,1.00000,2016-09-06,CAD,2016-09-19,
CPA Ontario,An information session with students.,341,,Sales,Company Spotlight Event,100.00000,1.00000,2016-09-08,CAD,2016-10-08,
Southpaw,,342,,Sales,Career Fair Standard Package,800.00000,1.00000,2016-09-09,CAD,2016-10-09,
iamsick,,343,,Sales,YNCN E-Week Mentorship,150.00000,1.00000,2016-09-09,CAD,2016-09-23,
Tesla Motors,An information session with students. Food and drinks will be provided. ,344,,Sales,Company Spotlight Event,500.00000,1.00000,2016-09-11,CAD,2016-10-11,
BlueDot,,345,,Sales,Startup Career Expo - Early Bird Bronze Package,250.00000,1.00000,2016-09-12,CAD,2016-10-12,
P&G,An interactive session with students. Food and drinks will be provided. ,346,,Sales,Company Spotlight Event,150.00000,1.00000,2016-09-14,CAD,2016-10-06,
McKinsey & Company,McKinsey & Company,347,,Services,Company Spotlight Event,750.00000,1.00000,2016-09-14,CAD,2016-10-03,
Keilhauer,,348,,Sales,Career Fair Standard Package,800.00000,1.00000,2016-09-19,CAD,2016-10-19,
Top Hat Monocle Inc.,,350,,Sales,Startup Career Expo 2017 - Early Bird Bronze Package,250.00000,1.00000,2016-09-20,CAD,2016-10-20,
Memotext,Startup Sponsorship and Participation Fee for the Data Science Event,351,,Sales,Data Science Event Sponsorship,50.00000,1.00000,2016-09-26,CAD,2016-10-26,
Cyclica Inc,Startup Sponsorship and Participation Fee for the Data Science Event,352,,Sales,Data Science Event Sponsorship,50.00000,1.00000,2016-09-26,CAD,2016-10-26,
Seecows,,353,,Sales,Startup Career Expo - Bronze Early Bird Package,250.00000,1.00000,2016-09-27,CAD,2016-10-27,
Financeit,,354,,Sales,Startup Career Expo 2017 - Early Bird Bronze Package,250.00000,1.00000,2016-09-27,CAD,2016-10-27,
SurfEasy,,355,,Sales,Startup Career Expo 2017 - Early Bird Silver Package,750.00000,1.00000,2016-09-28,CAD,2016-10-28,
Bubl Technology Inc.,,356,,Sales,Startup Career Expo 2017 - Early Bird Bronze Package,250.00000,1.00000,2016-09-30,CAD,2016-10-30,
Slalom Consulting,,357,,Sales,Career Fair Standard Package,800.00000,1.00000,2016-10-03,CAD,2016-11-02,
PawCharge,,358,,Sales,Startup Career Expo 2017 - Early Bird Bronze Package,250.00000,1.00000,2016-10-04,CAD,2016-11-03,
Laserfiche,,359,,Sales,Career Fair Standard Package,800.00000,2.00000,2016-10-07,CAD,2016-11-06,
Laserfiche,Discount for attending both the fall and winter career fairs.,359,,Sales,Career Fair Discount,-500.00000,1.00000,2016-10-07,CAD,2016-11-06,
Ubisoft,,360,,Sales,Career Fair Standard Package,800.00000,1.00000,2016-10-07,CAD,2016-11-06,
Prolucid Technologies Inc.,,361,,Sales,Startup Career Expo 2017 Silver Package,900.00000,1.00000,2016-10-11,CAD,2016-11-10,
Parkbench,,362,,Sales,Startup Career Expo 2017 Silver Package,900.00000,1.00000,2016-10-13,CAD,2016-11-12,
Parkbench,Large Workshop in the Afternoon,362,,Sales,Startup Career Expo 2017 - Large Workshop Package,400.00000,1.00000,2016-10-13,CAD,2016-11-12,
FundThrough,,363,,Sales,Startup Career Expo 2017 Silver Package,900.00000,1.00000,2016-10-20,CAD,2016-11-19,
TribalScale,,364,,Sales,TribalScale: Bronze Career Fair + Bronze Startup Career Expo,750.00000,1.00000,2016-10-20,CAD,2016-11-19,
Big Data University,Main Sponsors of the Data Science Soiree,368,,Sales,Data Science Main Sponsorship,300.00000,1.00000,2016-10-24,CAD,2016-11-23,
Vuru.co,Startup Sponsorship and Participation Fee for the Data Science Event,369,,Sales,Data Science Event Sponsorship,50.00000,1.00000,2016-10-24,CAD,2016-11-23,
Borrowell,,370,,Sales,Startup Career Expo 2017 Bronze Package,300.00000,1.00000,2016-10-25,CAD,2016-11-24,
Kambio,,371,,Sales,Startup Career Expo 2017 Bronze Package,300.00000,1.00000,2016-10-25,CAD,2016-11-24,
SkyPrep,,373,,Sales,Startup Career Expo 2016 Bronze Package,300.00000,1.00000,2016-10-26,CAD,2016-11-25,
Ecobee,,375,,Sales,Startup Career Expo 2017 Bronze Package,300.00000,1.00000,2016-11-01,CAD,2017-01-06,
The Hatchery,,376,,Sales,Startup Career Expo 2017 - Early Bird Bronze Package,250.00000,1.00000,2016-11-01,CAD,2017-01-06,
Canada Pension Plan Investment Board,,377,,Sales,Career Fair Standard Package,800.00000,1.00000,2016-11-04,CAD,2016-12-04,
Cryptiv,,379,,Sales,Startup Career Expo 2017 Bronze Package,300.00000,1.00000,2016-11-07,CAD,2016-11-18,
nModal,,380,,Sales,Startup Career Expo 2016 Bronze Package,300.00000,1.00000,2016-11-07,CAD,2016-12-07,
Normative,,381,,Sales,Startup Career Expo 2017 Silver Package,900.00000,1.00000,2016-11-07,CAD,2016-12-07,
Google,,383,,Sales,Google Brain Residency Talk @ UofT,800.00000,1.00000,2016-11-08,CAD,2016-12-08,
Dragados,,385,,Sales,Career Fair Standard Package,800.00000,1.00000,2016-11-08,CAD,2016-12-08,
Achievers,,387,,Sales,Career Fair Standard Package,800.00000,1.00000,2016-11-08,CAD,2016-12-08,
Alberici Constructors,,388,,Sales,Career Fair Standard Package,500.00000,1.00000,2016-11-11,CAD,2016-12-11,
Infusion,,389,,Sales,Startup Career Expo 2017 Bronze Package,300.00000,1.00000,2016-11-11,CAD,2016-12-11,
Lending Loop,,390,,Sales,Startup Career Expo 2017 Bronze Package,300.00000,1.00000,2016-11-11,CAD,2016-12-11,
FDM Group,,391,,Sales,Career Fair Standard Package,800.00000,1.00000,2016-11-14,CAD,2016-12-14,
Fortinet,,392,,Sales,Career Fair Standard Package,800.00000,1.00000,2016-11-15,CAD,2016-12-15,
SWI Consulting,,393,,Sales,Career Fair Standard Package,800.00000,1.00000,2016-11-15,CAD,2016-12-15,
OTPP,,394,,Sales,Career Fair Premium Package,1000.00000,1.00000,2016-11-16,CAD,2016-12-16,
WatrHub,,395,,Sales,Startup Career Expo 2017 Bronze Package,300.00000,1.00000,2016-11-16,CAD,2016-12-16,
Mark43,,396,,Sales,Startup Career Expo 2017 Bronze Package,300.00000,1.00000,2016-11-18,CAD,2016-12-18,
D+H,,399,,Sales,Career Fair Premium Package,1000.00000,1.00000,2016-11-21,CAD,2016-12-07,
Eyereturn Marketing,,401,,Sales,Startup Career Expo 2017 Bronze Package,300.00000,1.00000,2016-11-21,CAD,2016-11-30,
Venngage,,402,,Sales,Startup Career Expo 2017 Bronze Package,300.00000,1.00000,2016-11-21,CAD,2016-12-21,
FlashStock,,404,,Sales,Startup Career Expo 2017 Bronze Package,300.00000,1.00000,2016-11-22,CAD,2016-12-06,
Dufferin Construction,,405,,Sales,Career Fair Premium Package,650.00000,1.00000,2016-11-23,CAD,2016-12-23,
Lighthouse Labs,,406,,Sales,Startup Career Expo 2017 - Early Bird Bronze Package,250.00000,1.00000,2016-11-23,CAD,2016-12-23,
HESS International Educational Group,,407,,Sales,Career Fair Standard Package,500.00000,1.00000,2016-11-24,CAD,2016-12-09,
BlueCat Networks,,408,,Sales,Career Fair Premium Package,1000.00000,1.00000,2016-11-24,CAD,2016-12-09,
Isaac Operations,,409,,Sales,Career Fair Premium Package,650.00000,1.00000,2016-11-25,CAD,2016-12-10,
AMD,,412,,Sales,Career Fair Premium Package,1000.00000,1.00000,2016-11-28,CAD,2016-12-13,
Next36,,413,,Sales,Startup Career Expo - Early Bird Bronze Package,250.00000,1.00000,2016-11-28,CAD,2016-12-07,
Myant,,416,,Sales,Startup Career Expo 2017 Bronze Package,300.00000,1.00000,2016-11-29,CAD,2016-12-29,
Pomerleau,,418,,Sales,Career Fair Standard Package,500.00000,1.00000,2016-11-30,CAD,2016-12-15,
Covalence Inc,,421,,Sales,Startup Career Expo 2017 Bronze Package,300.00000,1.00000,2016-12-01,CAD,2016-12-31,
Facebook,,423,,Sales,Career Fair Standard Package,800.00000,1.00000,2016-12-01,CAD,2016-12-16,
Clio,,424,,Sales,Career Fair Standard Package,800.00000,2.00000,2016-12-01,CAD,2016-12-16,
Clio,Discount for attending both the fall and winter career fairs.,424,,Sales,Career Fair Discount,-500.00000,1.00000,2016-12-01,CAD,2016-12-16,
TXIO,,425,,Sales,Career Fair Standard Package,800.00000,1.00000,2016-12-03,CAD,2016-12-18,
RBC Research Labs,,426,,Sales,Startup Career Expo 2017 Silver Package,900.00000,1.00000,2016-12-05,CAD,2016-12-19,
Communication Security Establishment,,427,,Sales,Career Fair Premium Package,650.00000,1.00000,2016-12-06,CAD,2016-12-21,
UTM-MMI,,428,,Sales,Career Fair Standard Package,500.00000,1.00000,2016-12-06,CAD,2016-12-21,
Daisy Intelligence Corporation,,430,,Sales,Startup Career Expo 2017 Bronze Package,300.00000,1.00000,2016-12-07,CAD,2017-01-06,
BBA,,432,,Sales,Career Fair Premium Package,1000.00000,1.00000,2016-12-12,CAD,2017-01-11,
Qualcomm,,438,,Sales,Career Fair Standard Package,800.00000,1.00000,2016-12-17,CAD,2017-01-16,
Teradata,,439,,Sales,Career Fair Standard Package,800.00000,1.00000,2016-12-17,CAD,2017-01-16,
Grossman Dorland Recruiting ,,440,,Sales,Startup Career Expo 2017 Bronze Package,300.00000,1.00000,2016-12-18,CAD,2017-01-17,
Loblaw,,441,,Sales,Career Fair Standard Package,400.00000,1.00000,2016-12-20,CAD,2017-01-19,
Loblaw,,442,,Sales,Career Fair Standard Package,400.00000,1.00000,2016-12-20,CAD,2017-01-19,
Rockwell Automation,,443,,Sales,Career Fair Standard Package,500.00000,1.00000,2016-12-20,CAD,2017-01-19,
American Bridge Company,,444,,Sales,Career Fair Standard Package,500.00000,1.00000,2016-12-21,CAD,2017-01-20,
CBC,,445,,Sales,Career Fair Standard Package,800.00000,1.00000,2016-12-21,CAD,2017-01-20,
RentCompass,,447,,Sales,Startup Career Expo 2017 - Early Bird Bronze Package,250.00000,1.00000,2016-12-21,CAD,2017-01-06,
BMO,,448,,Sales,Career Fair Standard Package,500.00000,1.00000,2016-12-22,CAD,2017-01-21,
Aversan Inc.,,450,,Sales,Career Fair Standard Package,800.00000,1.00000,2016-12-28,CAD,2017-01-27,
EY,,451,,Sales,Career Fair Standard Package,500.00000,1.00000,2017-01-03,CAD,2017-02-02,
Toronto Transit Commission,,452,,Sales,Career Fair Standard Package,500.00000,1.00000,2017-01-03,CAD,2017-02-02,
Kijiji,,453,,Sales,Career Fair Standard Package,800.00000,1.00000,2017-01-03,CAD,2017-02-02,
"MHI Canada Aerospace, Inc.",,454,,Sales,Career Fair Standard Package,500.00000,1.00000,2017-01-05,CAD,2017-02-04,
Gepeto,,455,,Sales,Startup Career Expo 2017 Bronze Package,300.00000,1.00000,2017-01-06,CAD,2017-01-25,
Bloomberg,,456,,Sales,Career Fair Premium Package,1000.00000,1.00000,2017-01-07,CAD,2017-02-06,
Tilt - Grace to Pay,,173,,Services,Startup Hopping - November 3rd,150.00000,1.00000,2015-08-23,CAD,2015-09-22,
X by 2,,300,,Sales,Career Fair Standard Package,800.00000,1.00000,2016-07-12,CAD,2016-07-27,
Hatch,An interactive session with students. Food and drinks will be provided. ,308,,Sales,Company Spotlight Event,750.00000,1.00000,2016-07-21,CAD,2016-08-05,
Mosaic Manufacturing,,322,,Sales,YNCN E-Week Mentorship,150.00000,1.00000,2016-08-15,CAD,2016-09-10,
Amazon,Remaining sum for two career fair premium packages for both the fall and winter career fairs.,318,,Sales,Career Fair Premium Package,700.00000,1.00000,2016-08-04,CAD,2016-09-03,
TATA Consultancy Services,,317,,Sales,Career Fair Premium Package,1000.00000,2.00000,2016-08-04,CAD,2016-09-03,
CPAO,,349,,Sales,Startup Career Expo 2017 - Small Workshop Package,300.00000,1.00000,2016-09-20,CAD,2016-10-20,
Wealthsimple,,365,,Sales,You're Next Career Network: Startup Tours 2016,150.00000,1.00000,2016-10-24,CAD,2016-11-02,
Cyclica Inc,,366,,Sales,Startup Career Expo - Bronze Early Bird Package,250.00000,1.00000,2016-10-24,CAD,2016-11-18,
GroupBy Inc.,,367,,Sales,Startup Career Expo 2017 Bronze Package,300.00000,1.00000,2016-10-24,CAD,2016-11-18,
Autoliv,,374,,Sales,Career Fair Premium Package,1000.00000,1.00000,2016-10-27,CAD,2016-11-26,
Traction,,378,,Sales,Startup Career Expo 2017 Silver Package,900.00000,1.00000,2016-11-04,CAD,2016-11-14,
360incentives.com,,302,,Sales,Startup Career Expo 2017 - Early Bird Silver Package,750.00000,1.00000,2016-07-13,CAD,2016-08-12,
Index Exchange,,382,,Sales,Startup Career Expo - Custom Gold Package (Index Exchange),2500.00000,1.00000,2016-11-07,CAD,2016-11-23,
LinkUs Group,,384,,Sales,Startup Career Expo 2017 Bronze Package,300.00000,1.00000,2016-11-08,CAD,2016-11-22,
Schlumberger,,386,,Sales,Career Fair Premium Package,650.00000,1.00000,2016-11-08,CAD,2016-12-08,
Flipp,,298,,Sales,Startup Gold Sponsorship 2016-2017,5000.00000,1.00000,2016-11-15,CAD,2016-11-29,
Vena Solutions,,400,,Sales,Startup Career Expo 2017 Bronze Package,300.00000,1.00000,2016-11-21,CAD,2016-12-05,
LeighFisher Canada Inc.,,398,,Sales,Career Fair Premium Package,650.00000,1.00000,2016-11-21,CAD,2016-12-07,
Schneider Electric,,410,,Sales,Career Fair Premium Package,1000.00000,1.00000,2016-11-24,CAD,2016-12-09,
HiMama,,411,,Sales,Startup Career Expo 2017 Bronze Package,300.00000,1.00000,2016-11-25,CAD,2016-12-09,
Echologics,,417,,Sales,Career Fair Premium Package,1000.00000,1.00000,2016-11-29,CAD,2016-12-14,
WalterFedy,,414,,Sales,Career Fair Standard Package,500.00000,1.00000,2016-11-30,CAD,2016-12-15,
Verafin,,419,,Sales,Career Fair Standard Package,800.00000,1.00000,2016-11-30,CAD,2016-12-15,
Patheon,,420,,Sales,Career Fair Standard Package,800.00000,1.00000,2016-12-01,CAD,2016-12-16,
SRA Staffing,,422,,Sales,Startup Career Expo 2017 Bronze Package,300.00000,1.00000,2016-12-01,CAD,2016-12-15,
Thales Canada Inc.,,397,,Sales,Career Fair Premium Package,650.00000,1.00000,2016-11-20,CAD,2016-12-16,
Thomson Reuters,,429,,Sales,Career Fair Premium Package,1000.00000,1.00000,2016-12-07,CAD,2016-12-23,
Flixel Photos Inc,,431,,Sales,Startup Career Expo 2017 Bronze Package,300.00000,1.00000,2016-12-08,CAD,2016-12-20,
Labatt,,372,,Sales,Career Fair Standard Package,500.00000,1.00000,2016-12-13,CAD,2017-01-27,
Google,,433,,Sales,Google Tech Interview Prep Session,400.00000,1.00000,2016-12-13,CAD,2017-01-13,
Naborly,,434,,Sales,Startup Career Expo 2017 Bronze Package,300.00000,1.00000,2016-12-16,CAD,2016-12-23,
Overbond,,435,,Sales,Startup Career Expo 2017 Bronze Package,300.00000,1.00000,2016-12-16,CAD,2016-12-23,
WalterFedy,,436,,Sales,Career Fair Standard Package,500.00000,1.00000,2016-12-16,CAD,2016-12-31,
Capital One,,437,,Sales,Career Fair Standard Package,500.00000,1.00000,2016-12-16,CAD,2016-12-31,
Prodigy Game,,446,,Sales,Startup Career Expo 2017 Bronze Package,300.00000,1.00000,2016-12-21,CAD,2017-01-06,
City of Toronto,,449,,Sales,Career Fair Premium Package,650.00000,1.00000,2016-12-23,CAD,2017-01-13,
TATA Consultancy Services,Discount for attending both the fall and winter career fairs.,317,,Sales,Career Fair Discount,-500.00000,1.00000,2016-08-04,CAD,2016-09-03,
CPAO,,349,,Sales,YNCN E-Week Mentorship,150.00000,1.00000,2016-09-20,CAD,2016-10-20,
Autoliv,,374,,Sales,Career Fair Discount,-350.00000,1.00000,2016-10-27,CAD,2016-11-26,
Traction,72 Student Capacity Workshop,378,,Sales,Startup Career Expo 2017 - Large Workshop Package,400.00000,1.00000,2016-11-04,CAD,2016-11-14,
Autoliv,,374,,Sales,Parking Spots,0.00000,3.00000,2016-10-27,CAD,2016-11-26,
